<?xml version="1.0" encoding="UTF-8"?>
<project-private xmlns="http://www.netbeans.org/ns/project-private/1">
    <editor-bookmarks xmlns="http://www.netbeans.org/ns/editor-bookmarks/2" lastBookmarkId="0"/>
    <open-files xmlns="http://www.netbeans.org/ns/projectui-open-files/2">
        <group>
            <file>file:/C:/Users/Stefan/Google%20Drive/Facultate/PA/2014/lab04/Sudoku/src/P1.java</file>
            <file>file:/C:/Users/Stefan/Google%20Drive/Facultate/PA/2014/lab04/Sudoku/src/P2.java</file>
            <file>file:/C:/Users/Stefan/Google%20Drive/Facultate/PA/2014/lab04/Sudoku/src/Cell.java</file>
        </group>
    </open-files>
</project-private>
